old_name,new_name
LM.NA_ASN_ANH_SON_3$NA_ASN_ANH_SON_2.kml,NA_ASN_ANH_SON_3-NA_ASN_ANH_SON_2.kml
LM.NA_ASN_CAO_SON$NA_ASN_KHAI_SON_2.kml,NA_ASN_CAO_SON-NA_ASN_KHAI_SON_2.kml
LM.NA_ASN_CAO_SON$NA_ASN_CAO_SON_2.kml,NA_ASN_CAO_SON_2-NA_ASN_CAO_SON.kml
LM.NA_ASN_HOI_SON_2$NA_ASN_HOA_SON.kml,NA_ASN_HOA_SON-NA_ASN_HOI_SON_2.kml
LM.NA_ASN_KHAI_SON$NA_ASN_KHAI_SON_2.kml,NA_ASN_KHAI_SON-NA_ASN_KHAI_SON_2.kml
LM.NA_ASN_LINH_SON_2$NA_ASN_LINH_SON.kml,NA_ASN_LINH_SON_2-NA_ASN_LINH_SON.kml
LM.NA_ASN_TUONG_SON$NA_ASN_HOA_SON.kml,NA_ASN_TUONG_SON-NA_ASN_HOA_SON.kml
LM.NA_CCG_PU_MAT_2$NA_CCG_BONG_KHE.kml,NA_CCG_BONG_KHE-NA_CCG_PU_MAT_2.kml
LM.NA_CCG_CON_CUONG$NA_CCG_PU_MAT_2.kml,NA_CCG_CON_CUONG-NA_CCG_PU_MAT_2.kml
LM.NA_CCG_CON_CUONG_2$NA_CCG_CON_CUONG_4.kml,NA_CCG_CON_CUONG_4-NA_CCG_CON_CUONG_2.kml
LM.NA_CCG_PHU_MAT$NA_CCG_PU_MAT_2.kml,NA_CCG_PHU_MAT-NA_CCG_PU_MAT_2.kml
LM.NA_CCG_YEN_KHE$NA_CCG_CON_CUONG_4.kml,NA_CCG_YEN_KHE-NA_CCG_CON_CUONG_4.kml
LM.NA_CLO_CUA_LO_2$NA_CLO_NGHI_HUONG_2.kml,NA_CLO_CUA_LO_2-NA_CLO_NGHI_HUONG_2.kml
LM.NA_CLO_CUA_LO_3$NA_NLC_NGHI_HOP.kml,NA_CLO_CUA_LO_3-NA_NLC_NGHI_HOP.kml
LM.NA_CLO_CUA_LO_4$NA_CLO_CUA_LO.kml,NA_CLO_CUA_LO_4-NA_CLO_CUA_LO.kml
LM.NA_CLO_HAI_BANG$NA_NLC_NGHI_HOP.kml,NA_CLO_HAI_BANG-NA_NLC_NGHI_HOP.kml
LM.NA_CLO_NGHI_HUONG_2$NA_CLO_NGHI_HUONG.kml,NA_CLO_NGHI_HUONG-NA_CLO_NGHI_HUONG_2.kml
LM.NA_CLO_CUA_LO$NA_CLO_NGHI_HUONG_3.kml,NA_CLO_NGHI_HUONG_3-NA_CLO_CUA_LO.kml
LM.NA_CLO_NGHI_TAN$NA_NLC_NGHI_HOP.kml,NA_CLO_NGHI_TAN-NA_NLC_NGHI_HOP.kml
CSG6.NA_CLO_CUA_HOI$NA_CLO_NGHI_HUONG_2.kml,NA_CLO_CUA_HOI-NA_CLO_NGHI_HUONG_2.kml
CSG5.NA_CLO_CUA_LO$NA_NLC_NGHI_HOP.kml,NA_CLO_CUA_LO-NA_NLC_NGHI_HOP.kml
CSG6.NA_CLO_NGHI_HUONG_2$NA_CLO_NGUYEN_SINH_CUNG.kml,NA_CLO_NGHI_HUONG_2-NA_CLO_NGUYEN_SINH_CUNG.kml
CSG6.NA_NLC_NGHI_AN$NA_CLO_NGUYEN_SINH_CUNG.kml,NA_CLO_NGUYEN_SINH_CUNG-NA_NLC_NGHI_AN.kml
LM.NA_DCU_DIEN_AN$NA_DCU_DIEN_BINH.kml,NA_DCU_DIEN_AN-NA_DCU_DIEN_BINH.kml
LM.NA_DCU_DIEN_BICH$NA_DCU_DIEN_KIM.kml,NA_DCU_DIEN_BICH-NA_DCU_DIEN_KIM.kml
LM.NA_DCU_DIEN_BINH_2$NA_DCU_DIEN_NGOC.kml,NA_DCU_DIEN_BINH_2-NA_DCU_DIEN_NGOC.kml
LM.NA_DCU_DIEN_BINH_3$NA_DCU_DIEN_THANG.kml,NA_DCU_DIEN_BINH_3-NA_DCU_DIEN_THANG.kml
LM.NA_DCU_DIEN_CAT$NA_DCU_DIEN_THANG.kml,NA_DCU_DIEN_CAT-NA_DCU_DIEN_THANG.kml
LM.NA_DCU_DIEN_LAM$NA_DCU_DIEN_DOAI.kml,NA_DCU_DIEN_DOAI-NA_DCU_DIEN_LAM.kml
LM.NA_DCU_DIEN_DOAI_2$NA_DCU_YEN_LY.kml,NA_DCU_DIEN_DOAI_2-NA_DCU_YEN_LY.kml
LM.NA_DCU_DIEN_DONG$NA_DCU_CAU_BUNG.kml,NA_DCU_DIEN_DONG-NA_DCU_CAU_BUNG.kml
LM.NA_DCU_DIEN_DONG$NA_DCU_DIEN_DONG_01R.kml,NA_DCU_DIEN_DONG_01R-NA_DCU_DIEN_DONG.kml
LM.NA_DCU_DIEN_HAI_2$NA_DCU_DIEN_HAI.kml,NA_DCU_DIEN_HAI-NA_DCU_DIEN_HAI_2.kml
LM.NA_DCU_DIEN_KIM$NA_DCU_DIEN_HAI_2.kml,NA_DCU_DIEN_HAI_2-NA_DCU_DIEN_KIM.kml
LM.NA_DCU_DIEN_HANH$NA_DCU_CAU_BUNG.kml,NA_DCU_DIEN_HANH-NA_DCU_CAU_BUNG.kml
LM.NA_DCU_DIEN_HOA$NA_DCU_DIEN_HANH.kml,NA_DCU_DIEN_HOA-NA_DCU_DIEN_HANH.kml
LM.NA_DCU_DIEN_HOANG$NA_DCU_DIEN_YEN.kml,NA_DCU_DIEN_HOANG-NA_DCU_DIEN_YEN.kml
LM.NA_DCU_DIEN_HOANG_2$NA_DCU_DIEN_HUNG.kml,NA_DCU_DIEN_HOANG_2-NA_DCU_DIEN_HUNG.kml
LM.NA_DCU_DIEN_KY$NA_DCU_DIEN_HONG.kml,NA_DCU_DIEN_KY-NA_DCU_DIEN_HONG.kml
LM.NA_QLU_QUYNH_TAM_2$NA_DCU_DIEN_LAM_3.kml,NA_DCU_DIEN_LAM_3-NA_QLU_QUYNH_TAM_2.kml
LM.NA_DCU_DIEN_LOC$NA_DCU_DIEN_AN.kml,NA_DCU_DIEN_LOC-NA_DCU_DIEN_AN.kml
LM.NA_DCU_DIEN_MINH$NA_DCU_DIEN_THANG.kml,NA_DCU_DIEN_MINH-NA_DCU_DIEN_THANG.kml
LM.NA_DCU_DIEN_MY$NA_DCU_DIEN_HAI_2.kml,NA_DCU_DIEN_MY-NA_DCU_DIEN_HAI_2.kml
LM.NA_DCU_DIEN_NGOC$NA_DCU_DIEN_CHAU.kml,NA_DCU_DIEN_NGOC-NA_DCU_DIEN_CHAU.kml
LM.NA_DCU_DIEN_PHU$NA_DCU_DIEN_AN.kml,NA_DCU_DIEN_PHU-NA_DCU_DIEN_AN.kml
LM.NA_DCU_DIEN_PHU_2$NA_DCU_DIEN_PHU.kml,NA_DCU_DIEN_PHU_2-NA_DCU_DIEN_PHU.kml
LM.NA_DCU_DIEN_PHUC_2$NA_DCU_DIEN_CHAU.kml,NA_DCU_DIEN_PHUC_2-NA_DCU_DIEN_CHAU.kml
LM.NA_DCU_DIEN_THAI$NA_YTH_HOP_THANH.kml,NA_DCU_DIEN_THAI-NA_YTH_HOP_THANH.kml
LM.NA_DCU_DIEN_THANG$NA_DCU_DIEN_THANG_2.kml,NA_DCU_DIEN_THANG_2-NA_DCU_DIEN_THANG.kml
LM.NA_DCU_DIEN_THANH$NA_DCU_DIEN_CHAU.kml,NA_DCU_DIEN_THANH-NA_DCU_DIEN_CHAU.kml
LM.NA_DCU_DIEN_THINH$NA_DCU_DIEN_CHAU_2.kml,NA_DCU_DIEN_THINH-NA_DCU_DIEN_CHAU_2.kml
LM.NA_DCU_DIEN_TRUNG$NA_DCU_DIEN_BINH.kml,NA_DCU_DIEN_TRUNG-NA_DCU_DIEN_BINH.kml
LM.NA_DCU_DIEN_TRUONG_2$NA_DCU_DIEN_TRUONG.kml,NA_DCU_DIEN_TRUONG_2-NA_DCU_DIEN_TRUONG.kml
LM.NA_DCU_DIEN_XUAN$NA_DCU_CAU_BUNG.kml,NA_DCU_DIEN_XUAN-NA_DCU_CAU_BUNG.kml
LM.NA_DCU_MINH_CHAU$NA_DCU_DIEN_THANG.kml,NA_DCU_MINH_CHAU-NA_DCU_DIEN_THANG.kml
LM.NA_DCU_MUONG_THANH_DIEN_LAM$NA_DCU_DIEN_LAM_2.kml,NA_DCU_MUONG_THANH_DIEN_LAM-NA_DCU_DIEN_LAM_2.kml
LM.NA_DCU_DIEN_CHAU_AGG$NA_DCU_DIEN_CHAU.kml,NA_DCU_DIEN_CHAU_AGG-NA_DCU_DIEN_CHAU.kml
CSG11.NA_DCU_CAU_BUNG$NA_DCU_DIEN_HONG.kml,NA_DCU_CAU_BUNG-NA_DCU_DIEN_HONG.kml
CSG9.NA_DCU_DIEN_BINH$NA_DCU_DIEN_CHAU.kml,NA_DCU_DIEN_BINH-NA_DCU_DIEN_CHAU.kml
CSG11.NA_DCU_DIEN_CHAU$NA_DCU_CAU_BUNG.kml,NA_DCU_DIEN_CHAU-NA_DCU_CAU_BUNG.kml
CSG12.NA_DCU_DIEN_CHAU$NA_DCU_DIEN_KIM.kml,NA_DCU_DIEN_CHAU-NA_DCU_DIEN_KIM.kml
CSG9.NA_DCU_DIEN_THANG$NA_DCU_DIEN_CHAU.kml,NA_DCU_DIEN_CHAU-NA_DCU_DIEN_THANG.kml
CSG11.NA_DCU_DIEN_HONG$NA_DCU_YEN_LY.kml,NA_DCU_DIEN_HONG-NA_DCU_YEN_LY.kml
CSG12.NA_DCU_DIEN_TRUONG$NA_DCU_DIEN_HUNG.kml,NA_DCU_DIEN_HUNG-NA_DCU_DIEN_TRUONG.kml
CSG12.NA_DCU_DIEN_HUNG$NA_DCU_DIEN_KIM.kml,NA_DCU_DIEN_KIM-NA_DCU_DIEN_HUNG.kml
CSG12.NA_DCU_DIEN_TRUONG$NA_QLU_CAU_GIAT.kml,NA_DCU_DIEN_TRUONG-NA_QLU_CAU_GIAT.kml
CSG11.NA_QLU_CAU_GIAT$NA_DCU_YEN_LY.kml,NA_DCU_YEN_LY-NA_QLU_CAU_GIAT.kml
LM.NA_DLG_DO_LUONG$NA_DLG_DO_LUONG_2.kml,NA_DLG_DO_LUONG_2-NA_DLG_DO_LUONG.kml
LM.NA_DLG_THINH_SON$NA_DLG_HOA_SON.kml,NA_DLG_HOA_SON-NA_DLG_THINH_SON.kml
LM.NA_DLG_MY_SON_2$NA_DLG_MY_SON.kml,NA_DLG_MY_SON-NA_DLG_MY_SON_2.kml
LM.NA_DLG_BAC_SON$NA_DLG_NAM_SON_3.kml,NA_DLG_NAM_SON_3-NA_DLG_BAC_SON.kml
LM.NA_DLG_MINH_SON$NA_DLG_NHAN_SON.kml,NA_DLG_NHAN_SON-NA_DLG_MINH_SON.kml
LM.NA_DLG_THINH_SON$NA_DLG_TAN_SON_2.kml,NA_DLG_TAN_SON_2-NA_DLG_THINH_SON.kml
LM.NA_DLG_DO_LUONG$NA_DLG_THINH_SON.kml,NA_DLG_THINH_SON-NA_DLG_DO_LUONG.kml
LM.NA_DLG_TRUNG_SON$NA_DLG_DA_SON.kml,NA_DLG_TRUNG_SON-NA_DLG_DA_SON.kml
LM.NA_DLG_VINH_LOC_2$NA_DLG_GIANG_SON.kml,NA_DLG_VINH_LOC_2-NA_DLG_GIANG_SON.kml
LM.NA_DLG_BAC_SON$NA_DLG_NAM_SON.kml,NA_DLG_BAC_SON-NA_DLG_NAM_SON.kml
LM.NA_DLG_LAM_SON$NA_DLG_VINH_LOC_2.kml,NA_DLG_LAM_SON-NA_DLG_VINH_LOC_2.kml
LM.NA_HMA_HOANG_MAI$NA_HMA_CN_HOANG_MAI.kml,NA_HMA_HOANG_MAI-NA_HMA_CN_HOANG_MAI.kml
LM.NA_HMA_MAI_HUNG$NA_HMA_QUYNH_THIEN.kml,NA_HMA_MAI_HUNG-NA_HMA_QUYNH_THIEN.kml
LM.NA_HMA_QUYNH_LAP$NA_HMA_QUYNH_LAP_4.kml,NA_HMA_QUYNH_LAP-NA_HMA_QUYNH_LAP_4.kml
LM.NA_HMA_QUYNH_LAP_2$NA_HMA_QUYNH_LAP.kml,NA_HMA_QUYNH_LAP_2-NA_HMA_QUYNH_LAP.kml
LM.NA_HMA_QUYNH_LAP_4$NA_HMA_QUYNH_LOC_2.kml,NA_HMA_QUYNH_LAP_4-NA_HMA_QUYNH_LOC_2.kml
LM.NA_HMA_QUYNH_LOC_2$NA_HMA_QUYNH_LOC.kml,NA_HMA_QUYNH_LOC_2-NA_HMA_QUYNH_LOC.kml
LM.NA_HMA_QUYNH_LOC_3$NA_HMA_QUYNH_LOC.kml,NA_HMA_QUYNH_LOC_3-NA_HMA_QUYNH_LOC.kml
LM.NA_HMA_QUYNH_PHUONG$NA_HMA_QUYNH_LIEN_2.kml,NA_HMA_QUYNH_PHUONG-NA_HMA_QUYNH_LIEN_2.kml
LM.NA_HMA_QUYNH_LOC_3$NA_HMA_CN_HOANG_MAI.kml,NA_HMA_CN_HOANG_MAI-NA_HMA_QUYNH_LOC_3.kml
AGG.NA_YTH_HOA_THANH$NA_HMA_QUYNH_XUAN.kml,NA_HMA_QUYNH_XUAN-NA_YTH_HOA_THANH.kml
CSG14.NA_HMA_QUYNH_THIEN$NA_HMA_QUYNH_LIEN_2.kml,NA_HMA_QUYNH_LIEN_2-NA_HMA_QUYNH_THIEN.kml
CSG13.NA_HMA_QUYNH_THIEN$NA_HMA_QUYNH_LOC.kml,NA_HMA_QUYNH_LOC-NA_HMA_QUYNH_THIEN.kml
CSG14.NA_HMA_QUYNH_XUAN$NA_HMA_QUYNH_THIEN.kml,NA_HMA_QUYNH_THIEN-NA_HMA_QUYNH_XUAN.kml
LM.NA_HNN_HUNG_CHAU$NA_HNN_HUNG_PHUC.kml,NA_HNN_HUNG_CHAU-NA_HNN_HUNG_PHUC.kml
LM.NA_NDN_NAM_GIANG_2$NA_HNN_HUNG_DAO.kml,NA_HNN_HUNG_DAO-NA_NDN_NAM_GIANG_2.kml
LM.NA_HNN_HUNG_DONG$NA_VIH_DEN_ONG_HOANG_MUOI.kml,NA_HNN_HUNG_DONG-NA_VIH_DEN_ONG_HOANG_MUOI.kml
LM.NA_HNN_HUNG_KHANH$NA_HNN_HUNG_CHAU.kml,NA_HNN_HUNG_KHANH-NA_HNN_HUNG_CHAU.kml
LM.NA_HNN_HUNG_LAM$NA_HNN_HUNG_TIEN.kml,NA_HNN_HUNG_LAM-NA_HNN_HUNG_TIEN.kml
LM.NA_HNN_HUNG_LOI$NA_HNN_HUNG_PHUC.kml,NA_HNN_HUNG_LOI-NA_HNN_HUNG_PHUC.kml
LM.NA_HNN_HUNG_LINH$NA_HNN_HUNG_LONG_2.kml,NA_HNN_HUNG_LONG_2-NA_HNN_HUNG_LINH.kml
LM.NA_HNN_HUNG_MY$NA_HNN_HUNG_THINH_2.kml,NA_HNN_HUNG_MY-NA_HNN_HUNG_THINH_2.kml
LM.NA_HNN_HUNG_NGUYEN_01R$NA_HNN_HUNG_NGUYEN.kml,NA_HNN_HUNG_NGUYEN_01R-NA_HNN_HUNG_NGUYEN.kml
LM.NA_HNN_HUNG_NGUYEN_3$NA_HNN_HUNG_NGUYEN.kml,NA_HNN_HUNG_NGUYEN_3-NA_HNN_HUNG_NGUYEN.kml
LM.NA_HNN_HUNG_THINH$NA_HNN_HUNG_THINH_3.kml,NA_HNN_HUNG_THINH_3-NA_HNN_HUNG_THINH.kml
LM.NA_HNN_HUNG_YEN_2$NA_HNN_HUNG_YEN.kml,NA_HNN_HUNG_YEN_2-NA_HNN_HUNG_YEN.kml
LM.NA_HNN_HUNG_DAO$NA_HNN_HUNG_DAO_2.kml,NA_HNN_HUNG_DAO_2-NA_HNN_HUNG_DAO.kml
CSG1.NA_HNN_HUNG_NGUYEN$NA_HNN_HUNG_NGUYEN_AGG.kml,NA_HNN_HUNG_NGUYEN-NA_HNN_HUNG_NGUYEN_AGG.kml
CSG1.NA_HNN_HUNG_TIEN$NA_HNN_HUNG_PHUC.kml,NA_HNN_HUNG_PHUC-NA_HNN_HUNG_TIEN.kml
CSG1.NA_HNN_HUNG_PHUC$NA_HNN_HUNG_THINH.kml,NA_HNN_HUNG_THINH-NA_HNN_HUNG_PHUC.kml
CSG1.NA_HNN_HUNG_TAN$NA_HNN_HUNG_TIEN.kml,NA_HNN_HUNG_TIEN-NA_HNN_HUNG_TAN.kml
LM.NA_NDN_NAM_PHUC$NA_NDN_DONG_DAI.kml,NA_NDN_DONG_DAI-NA_NDN_NAM_PHUC.kml
LM.NA_NDN_HUNG_TIEN$NA_NDN_HONG_LONG.kml,NA_NDN_HONG_LONG-NA_NDN_HUNG_TIEN.kml
LM.NA_NDN_HONG_LONG_2$NA_NDN_HONG_LONG.kml,NA_NDN_HONG_LONG_2-NA_NDN_HONG_LONG.kml
LM.NA_NDN_KDL_EO_GIO$NA_HNN_HUNG_TAY_2.kml,NA_NDN_KDL_EO_GIO-NA_HNN_HUNG_TAY_2.kml
LM.NA_NDN_LANG_SEN$NA_NDN_KIM_LIEN.kml,NA_NDN_KIM_LIEN-NA_NDN_LANG_SEN.kml
LM.NA_NDN_NAM_CAT$NA_HNN_HUNG_DAO.kml,NA_NDN_NAM_CAT-NA_HNN_HUNG_DAO.kml
LM.NA_NDN_NAM_DAN_2$NA_NDN_NAM_DAN.kml,NA_NDN_NAM_DAN-NA_NDN_NAM_DAN_2.kml
LM.NA_NDN_NAM_GIANG$NA_NDN_NAM_LINH.kml,NA_NDN_NAM_LINH-NA_NDN_NAM_GIANG.kml
LM.NA_NDN_NAM_TAN$NA_NDN_NAM_LOC.kml,NA_NDN_NAM_LOC-NA_NDN_NAM_TAN.kml
LM.NA_NDN_NAM_HUNG_2$NA_NDN_NAM_NGHIA.kml,NA_NDN_NAM_NGHIA-NA_NDN_NAM_HUNG_2.kml
LM.NA_NDN_NAM_PHUC$NA_NDN_NAM_PHUC_2.kml,NA_NDN_NAM_PHUC-NA_NDN_NAM_PHUC_2.kml
LM.NA_NDN_NAM_TAN$NA_NDN_NAM_DAN_2.kml,NA_NDN_NAM_TAN-NA_NDN_NAM_DAN_2.kml
LM.NA_NDN_NAM_THAI$NA_NDN_VAN_DIEN.kml,NA_NDN_NAM_THAI-NA_NDN_VAN_DIEN.kml
LM.NA_NDN_NAM_THANH_3$NA_NDN_NAM_THANH.kml,NA_NDN_NAM_THANH-NA_NDN_NAM_THANH_3.kml
LM.NA_NDN_VAN_DIEN$NA_NDN_NAM_THANH_3.kml,NA_NDN_NAM_THANH_3-NA_NDN_VAN_DIEN.kml
LM.NA_NDN_NAM_XUAN_2$NA_NDN_NAM_XUAN.kml,NA_NDN_NAM_XUAN_2-NA_NDN_NAM_XUAN.kml
LM.NA_NDN_NAM_DAN_2$NA_NDN_VAN_DIEN_2.kml,NA_NDN_VAN_DIEN_2-NA_NDN_NAM_DAN_2.kml
LM.NA_NDN_LANG_SEN$NA_NDN_VAN_HOI.kml,NA_NDN_VAN_HOI-NA_NDN_LANG_SEN.kml
LM.NA_NDN_HUNG_TIEN$NA_NDN_XUAN_HOA.kml,NA_NDN_XUAN_HOA-NA_NDN_HUNG_TIEN.kml
LM.NA_NDN_NAM_LOC$NA_NDN_KHANH_SON_2.kml,NA_NDN_KHANH_SON_2-NA_NDN_NAM_LOC.kml
LM.NA_NDN_NAM_CAT_2$NA_HNN_HUNG_TAN.kml,NA_NDN_NAM_CAT_2-NA_HNN_HUNG_TAN.kml
LM.NA_NDN_NAM_PHUC_2$NA_NDN_NAM_TRUNG.kml,NA_NDN_NAM_TRUNG-NA_NDN_NAM_PHUC_2.kml
LM.NA_NDN_XUAN_HOA_3$NA_NDN_XUAN_HOA.kml,NA_NDN_XUAN_HOA_3-NA_NDN_XUAN_HOA.kml
LM.NA_NDN_XUAN_LAM$NA_NDN_XUAN_LAM_2.kml,NA_NDN_XUAN_LAM-NA_NDN_XUAN_LAM_2.kml
LM.NA_NDN_HONG_LONG$NA_NDN_HUNG_TIEN_2.kml,NA_NDN_HUNG_TIEN_2-NA_NDN_HONG_LONG.kml
LM.NA_NDN_KIM_LIEN$NA_NDN_NAM_LINH_2.kml,NA_NDN_NAM_LINH_2-NA_NDN_KIM_LIEN.kml
LM.NA_NLC_CN_NAM_CAM$NA_NLC_NGHI_THUAN_2.kml,NA_NLC_CN_NAM_CAM-NA_NLC_NGHI_THUAN_2.kml
LM.NA_NLC_NGHI_CONG_NAM$NA_NLC_NGHI_CONG_NAM_2.kml,NA_NLC_NGHI_CONG_NAM_2-NA_NLC_NGHI_CONG_NAM.kml
LM.NA_NLC_NGHI_DIEN$NA_NLC_NGHI_DONG.kml,NA_NLC_NGHI_DIEN-NA_NLC_NGHI_DONG.kml
LM.NA_NLC_NGHI_DUC$NA_NLC_NGHI_AN.kml,NA_NLC_NGHI_DUC-NA_NLC_NGHI_AN.kml
LM.NA_NLC_NGHI_HOA$NA_NLC_NGHI_HOA_2.kml,NA_NLC_NGHI_HOA_2-NA_NLC_NGHI_HOA.kml
LM.NA_NLC_NGHI_HOP_2$NA_NLC_NGHI_HOP.kml,NA_NLC_NGHI_HOP_2-NA_NLC_NGHI_HOP.kml
LM.NA_NLC_NGHI_HUNG$NA_NLC_NGHI_HUNG_2.kml,NA_NLC_NGHI_HUNG-NA_NLC_NGHI_HUNG_2.kml
LM.NA_NLC_NGHI_HUNG_2$NA_NLC_NGHI_PHUONG.kml,NA_NLC_NGHI_HUNG_2-NA_NLC_NGHI_PHUONG.kml
LM.NA_NLC_NGHI_KHANH$NA_NLC_NGHI_HOP.kml,NA_NLC_NGHI_KHANH-NA_NLC_NGHI_HOP.kml
LM.NA_NLC_NGHI_LONG$NA_NLC_NGHI_QUANG.kml,NA_NLC_NGHI_LONG-NA_NLC_NGHI_QUANG.kml
CSG8.NA_NLC_NGHI_MY$NA_NLC_NGHI_PHUONG.kml,NA_NLC_NGHI_MY-NA_NLC_NGHI_PHUONG.kml
LM.NA_NLC_NGHI_MY_2$NA_NLC_NGHI_MY.kml,NA_NLC_NGHI_MY_2-NA_NLC_NGHI_MY.kml
LM.NA_NLC_NGHI_MY$NA_NLC_NGHI_MY_3.kml,NA_NLC_NGHI_MY_3-NA_NLC_NGHI_MY.kml
LM.NA_NLC_NGHI_PHONG$NA_NLC_NGHI_THAI_2.kml,NA_NLC_NGHI_PHONG-NA_NLC_NGHI_THAI_2.kml
LM.NA_NLC_NGHI_PHUONG_2$NA_NLC_NGHI_PHUONG.kml,NA_NLC_NGHI_PHUONG_2-NA_NLC_NGHI_PHUONG.kml
LM.NA_NLC_NGHI_THACH$NA_NLC_NGHI_AN.kml,NA_NLC_NGHI_THACH-NA_NLC_NGHI_AN.kml
LM.NA_NLC_NGHI_THAI$NA_NLC_NGHI_THAI_2.kml,NA_NLC_NGHI_THAI-NA_NLC_NGHI_THAI_2.kml
LM.NA_NLC_NGHI_THIET$NA_NLC_NGHI_QUANG.kml,NA_NLC_NGHI_THIET-NA_NLC_NGHI_QUANG.kml
LM.NA_NLC_NGHI_THIET_3$NA_NLC_NGHI_THIET.kml,NA_NLC_NGHI_THIET_3-NA_NLC_NGHI_THIET.kml
LM.NA_NLC_NGHI_THINH$NA_NLC_QUAN_HANH.kml,NA_NLC_NGHI_THINH-NA_NLC_QUAN_HANH.kml
LM.NA_NLC_NGHI_THINH_01R$NA_NLC_NGHI_THINH.kml,NA_NLC_NGHI_THINH_01R-NA_NLC_NGHI_THINH.kml
LM.NA_NLC_NGHI_TIEN$NA_NLC_NGHI_THIET_2.kml,NA_NLC_NGHI_TIEN-NA_NLC_NGHI_THIET_2.kml
LM.NA_NLC_NGHI_TRUONG$NA_NLC_NGHI_AN.kml,NA_NLC_NGHI_TRUONG-NA_NLC_NGHI_AN.kml
LM.NA_NLC_NGHI_AN$NA_NLC_NGHI_TRUONG_2.kml,NA_NLC_NGHI_TRUONG_2-NA_NLC_NGHI_AN.kml
LM.NA_NLC_NGHI_VAN_2$NA_NLC_NGHI_VANJ.kml,NA_NLC_NGHI_VAN_2-NA_NLC_NGHI_VANJ.kml
LM.NA_NLC_NGHI_VAN_3$NA_DLG_DAI_SON.kml,NA_NLC_NGHI_VAN_3-NA_DLG_DAI_SON.kml
LM.NA_NLC_NGHI_QUANG$NA_NLC_NGHI_XA.kml,NA_NLC_NGHI_XA-NA_NLC_NGHI_QUANG.kml
LM.NA_NLC_NGHI_LOC$NA_NLC_NGHI_YEN.kml,NA_NLC_NGHI_YEN-NA_NLC_NGHI_LOC.kml
LM.NA_NLC_TRAI_GAO$NA_NLC_NGHI_MY.kml,NA_NLC_TRAI_GAO-NA_NLC_NGHI_MY.kml
LM.NA_NLC_BAI_LU$NA_NLC_NGHI_LOC.kml,NA_NLC_BAI_LU-NA_NLC_NGHI_LOC.kml
CSG5.NA_NLC_CN_NAM_CAM_2$NA_NLC_NGHI_THUAN_2.kml,NA_NLC_CN_NAM_CAM_2-NA_NLC_NGHI_THUAN_2.kml
CSG6.NA_VIH_BV_DA_KHOA_NGHE_AN$NA_NLC_NGHI_AN.kml,NA_NLC_NGHI_AN-NA_VIH_BV_DA_KHOA_NGHE_AN.kml
CSG8.NA_NLC_NGHI_THUAN_2$NA_NLC_NGHI_DONG.kml,NA_NLC_NGHI_DONG-NA_NLC_NGHI_THUAN_2.kml
CSG5.NA_NLC_NGHI_HOP$NA_NLC_NGHI_QUANG.kml,NA_NLC_NGHI_HOP-NA_NLC_NGHI_QUANG.kml
CSG7.NA_NLC_NGHI_LIEN$NA_VIH_DANG_THAI_MAI.kml,NA_NLC_NGHI_LIEN-NA_VIH_DANG_THAI_MAI.kml
CSG5.NA_NLC_CN_NAM_CAM_2$NA_NLC_NGHI_QUANG.kml,NA_NLC_NGHI_QUANG-NA_NLC_CN_NAM_CAM_2.kml
CSG4.NA_NLC_NGHI_THAI_2$NA_NLC_NGHI_XUAN.kml,NA_NLC_NGHI_THAI_2-NA_NLC_NGHI_XUAN.kml
CSG7.NA_NLC_NGHI_THUAN_2$NA_NLC_QUAN_HANH.kml,NA_NLC_NGHI_THUAN_2-NA_NLC_QUAN_HANH.kml
CSG8.NA_NLC_NGHI_PHUONG$NA_NLC_NGHI_THUAN_2.kml,NA_NLC_NGHI_THUAN_2-NA_NLC_NGHI_PHUONG.kml
AGG.NA_NLC_NGHI_THUAN_2$NA_DCU_DIEN_CHAU.kml,NA_NLC_NGHI_THUAN_2-NA_DCU_DIEN_CHAU.kml
CSG4.NA_NLC_NGHI_XUAN$NA_CLO_CUA_HOI.kml,NA_NLC_NGHI_XUAN-NA_CLO_CUA_HOI.kml
CSG7.NA_NLC_QUAN_HANH$NA_NLC_NGHI_LIEN.kml,NA_NLC_QUAN_HANH-NA_NLC_NGHI_LIEN.kml
LM.NA_NLC_NGHI_THINH$NA_NLC_NGHI_THINH_2.kml,NA_NLC_NGHI_THINH_2-NA_NLC_NGHI_THINH.kml
LM.NA_NLC_NGHI_LONG_4$NA_NLC_CN_NAM_CAM.kml,NA_NLC_NGHI_LONG_4-NA_NLC_CN_NAM_CAM.kml
LM.NA_NAD_NGHIA_AN$NA_NAD_NGHIA_KHANH_2.kml,NA_NAD_NGHIA_AN-NA_NAD_NGHIA_KHANH_2.kml
LM.NA_NAD_NGHIA_BINH_3$NA_NAD_NGHIA_BINH.kml,NA_NAD_NGHIA_BINH-NA_NAD_NGHIA_BINH_3.kml
LM.NA_NAD_NGHIA_BINH_3$NA_NAD_TT_NGHIA_DAN.kml,NA_NAD_NGHIA_BINH_3-NA_NAD_TT_NGHIA_DAN.kml
LM.NA_NAD_TT_NGHIA_DAN$NA_NAD_NGHIA_BINH_4.kml,NA_NAD_NGHIA_BINH_4-NA_NAD_TT_NGHIA_DAN.kml
LM.NA_NAD_NGHIA_BINH_3$NA_NAD_NGHIA_HOI_2.kml,NA_NAD_NGHIA_HOI_2-NA_NAD_NGHIA_BINH_3.kml
LM.NA_NAD_NGHIA_KHANH_2$NA_NAD_NGHIA_KHANH.kml,NA_NAD_NGHIA_KHANH_2-NA_NAD_NGHIA_KHANH.kml
LM.NA_NAD_NGHIA_LOI_2$NA_NAD_NGHIA_LAC.kml,NA_NAD_NGHIA_LAC-NA_NAD_NGHIA_LOI_2.kml
LM.NA_NAD_NGHIA_LAC_2$NA_NAD_NGHIA_LAC.kml,NA_NAD_NGHIA_LAC_2-NA_NAD_NGHIA_LAC.kml
LM.NA_NAD_NGHIA_LOC$NA_NAD_NGHIA_LONG.kml,NA_NAD_NGHIA_LOC-NA_NAD_NGHIA_LONG.kml
LM.NA_NAD_NGHIA_LOC_2$NA_NAD_NGHIA_LOC.kml,NA_NAD_NGHIA_LOC_2-NA_NAD_NGHIA_LOC.kml
LM.NA_NAD_NGHIA_LOI$NA_NAD_NGHIA_LOI_2.kml,NA_NAD_NGHIA_LOI_2-NA_NAD_NGHIA_LOI.kml
LM.NA_NAD_NGHIA_MINH$NA_NAD_NGHIA_MINH_2.kml,NA_NAD_NGHIA_MINH_2-NA_NAD_NGHIA_MINH.kml
LM.NA_NAD_NGHIA_LAM$NA_NAD_NGHIA_SON.kml,NA_NAD_NGHIA_SON-NA_NAD_NGHIA_LAM.kml
LM.NA_NAD_NGHIA_BINH$NA_NAD_NGHIA_BINH_5.kml,NA_NAD_NGHIA_BINH_5-NA_NAD_NGHIA_BINH.kml
LM.NA_QPG_MUONG_NGOC$NA_QPG_QUE_PHONG.kml,NA_QPG_MUONG_NGOC-NA_QPG_QUE_PHONG.kml
LM.NA_QPG_KIM_SON$NA_QPG_QUE_PHONG.kml,NA_QPG_KIM_SON-NA_QPG_QUE_PHONG.kml
LM.NA_QPG_KIM_SON$NA_QPG_QUE_PHONG_2.kml,NA_QPG_QUE_PHONG_2-NA_QPG_KIM_SON.kml
LM.NA_QCU_CHAU_HANH$NA_QCU_QUY_CHAU.kml,NA_QCU_CHAU_HANH-NA_QCU_QUY_CHAU.kml
LM.NA_QCU_CHAU_THANG$NA_QCU_CHAU_THANG_2.kml,NA_QCU_CHAU_THANG_2-NA_QCU_CHAU_THANG.kml
LM.NA_QCU_QUY_CHAU_2$NA_QCU_QUY_CHAU.kml,NA_QCU_QUY_CHAU_2-NA_QCU_QUY_CHAU.kml
LM.NA_QHP_CHAU_CUONG_2$NA_QHP_CHAU_QUANG.kml,NA_QHP_CHAU_CUONG_2-NA_QHP_CHAU_QUANG.kml
LM.NA_QHP_HA_SON_2$NA_QHP_HA_SON_1.kml,NA_QHP_HA_SON_2-NA_QHP_HA_SON_1.kml
LM.NA_QHP_YEN_HOP$NA_QHP_DONG_HOP_2.kml,NA_QHP_YEN_HOP-NA_QHP_DONG_HOP_2.kml
LM.NA_DCU_DIEN_HUNG$NA_QLU_LAM_THO.kml,NA_QLU_LAM_THO-NA_DCU_DIEN_HUNG.kml
LM.NA_QLU_NGO$NA_QLU_QUYNH_NGOC_2.kml,NA_QLU_NGO-NA_QLU_QUYNH_NGOC_2.kml
LM.NA_QLU_NGOC_SON$NA_QLU_QUYNH_LAM.kml,NA_QLU_NGOC_SON-NA_QLU_QUYNH_LAM.kml
LM.NA_QLU_NGOC_SON$NA_QLU_NGOC_SON_2.kml,NA_QLU_NGOC_SON_2-NA_QLU_NGOC_SON.kml
LM.NA_QLU_QUYNH_BANG$NA_QLU_QUYNH_BANG_2.kml,NA_QLU_QUYNH_BANG_2-NA_QLU_QUYNH_BANG.kml
LM.NA_QLU_QUYNH_TAM_2$NA_QLU_QUYNH_CHAU.kml,NA_QLU_QUYNH_CHAU-NA_QLU_QUYNH_TAM_2.kml
LM.NA_QLU_QUYNH_DOI$NA_QLU_QUYNH_HAU_2.kml,NA_QLU_QUYNH_DOI-NA_QLU_QUYNH_HAU_2.kml
LM.NA_QLU_QUYNH_GIANG$NA_QLU_QUYNH_GIANG_2.kml,NA_QLU_QUYNH_GIANG_2-NA_QLU_QUYNH_GIANG.kml
LM.NA_QLU_QUYNH_HAU$NA_QLU_QUYNH_HAU_2.kml,NA_QLU_QUYNH_HAU_2-NA_QLU_QUYNH_HAU.kml
LM.NA_QLU_QUYNH_HUNG$NA_DCU_DIEN_HOANG_2.kml,NA_QLU_QUYNH_HUNG-NA_DCU_DIEN_HOANG_2.kml
LM.NA_QLU_QUYNH_HUNG_2$NA_QLU_QUYNH_NGOC_2.kml,NA_QLU_QUYNH_HUNG_2-NA_QLU_QUYNH_NGOC_2.kml
LM.NA_QLU_QUYNH_LAM_2$NA_QLU_QUYNH_LUU.kml,NA_QLU_QUYNH_LAM_2-NA_QLU_QUYNH_LUU.kml
LM.NA_QLU_QUYNH_GIANG$NA_QLU_QUYNH_LAM_3.kml,NA_QLU_QUYNH_LAM_3-NA_QLU_QUYNH_GIANG.kml
LM.NA_QLU_QUYNH_LUU$NA_QLU_QUYNH_HAU.kml,NA_QLU_QUYNH_LUU-NA_QLU_QUYNH_HAU.kml
LM.NA_QLU_QUYNH_NGHIA$NA_QLU_KHANH_THANH.kml,NA_QLU_QUYNH_NGHIA-NA_QLU_KHANH_THANH.kml
LM.NA_QLU_QUYNH_NGHIA_2$NA_QLU_QUYNH_NGHIA.kml,NA_QLU_QUYNH_NGHIA_2-NA_QLU_QUYNH_NGHIA.kml
LM.NA_QLU_QUYNH_TAN_2$NA_QLU_QUYNH_TAN.kml,NA_QLU_QUYNH_TAN-NA_QLU_QUYNH_TAN_2.kml
LM.NA_HMA_QUYNH_XUAN$NA_QLU_QUYNH_TAN_2.kml,NA_QLU_QUYNH_TAN_2-NA_HMA_QUYNH_XUAN.kml
LM.NA_QLU_QUYNH_TAN_3$NA_QLU_QUYNH_TAN_2.kml,NA_QLU_QUYNH_TAN_3-NA_QLU_QUYNH_TAN_2.kml
LM.NA_NAD_NGHIA_HOI$NA_QLU_QUYNH_THANG_3.kml,NA_QLU_QUYNH_THANG_3-NA_NAD_NGHIA_HOI.kml
LM.NA_QLU_QUYNH_THANH_3$NA_QLU_QUYNH_THANH.kml,NA_QLU_QUYNH_THANH-NA_QLU_QUYNH_THANH_3.kml
LM.NA_QLU_QUYNH_THANH_2$NA_QLU_QUYNH_HAU.kml,NA_QLU_QUYNH_THANH_2-NA_QLU_QUYNH_HAU.kml
LM.NA_QLU_QUYNH_THANH_3$NA_QLU_QUYNH_BANG.kml,NA_QLU_QUYNH_THANH_3-NA_QLU_QUYNH_BANG.kml
LM.NA_QLU_QUYNH_THUAN_2$NA_QLU_NGO.kml,NA_QLU_QUYNH_THUAN_2-NA_QLU_NGO.kml
LM.NA_QLU_QUYNH_VAN$NA_QLU_QUYNH_VAN_4.kml,NA_QLU_QUYNH_VAN-NA_QLU_QUYNH_VAN_4.kml
LM.NA_QLU_QUYNH_VAN$NA_QLU_QUYNH_VAN_5.kml,NA_QLU_QUYNH_VAN_5-NA_QLU_QUYNH_VAN.kml
LM.NA_QLU_QUYNH_YEN$NA_QLU_KHANH_THANH.kml,NA_QLU_QUYNH_YEN-NA_QLU_KHANH_THANH.kml
LM.NA_QLU_QUYNH_YEN$NA_QLU_QUYNH_YEN_2.kml,NA_QLU_QUYNH_YEN_2-NA_QLU_QUYNH_YEN.kml
LM.NA_QLU_SON_HAI$NA_QLU_NGO.kml,NA_QLU_SON_HAI-NA_QLU_NGO.kml
LM.NA_QLU_QUYNH_HONG$NA_QLU_CAU_GIAT_2.kml,NA_QLU_CAU_GIAT_2-NA_QLU_QUYNH_HONG.kml
LM.NA_QLU_QUYNH_NGOC_2$NA_QLU_QUYNH_NGOC_3.kml,NA_QLU_QUYNH_NGOC_3-NA_QLU_QUYNH_NGOC_2.kml
LM.NA_QLU_QUYNH_TAN_4$NA_HMA_HOANG_MAI_2.kml,NA_QLU_QUYNH_TAN_4-NA_HMA_HOANG_MAI_2.kml
AGG.NA_HMA_QUYNH_XUAN$NA_QLU_CAU_GIAT.kml,NA_QLU_CAU_GIAT-NA_HMA_QUYNH_XUAN.kml
CSG13.NA_QLU_CAU_GIAT$NA_QLU_QUYNH_HAU.kml,NA_QLU_CAU_GIAT-NA_QLU_QUYNH_HAU.kml
CSG14.NA_QLU_CAU_GIAT$NA_QLU_QUYNH_NGOC_2.kml,NA_QLU_CAU_GIAT-NA_QLU_QUYNH_NGOC_2.kml
CSG14.NA_QLU_KHANH_THANH$NA_QLU_QUYNH_LUONG.kml,NA_QLU_KHANH_THANH-NA_QLU_QUYNH_LUONG.kml
CSG14.NA_QLU_QUYNH_BANG$NA_HMA_QUYNH_LIEN_2.kml,NA_QLU_QUYNH_BANG-NA_HMA_QUYNH_LIEN_2.kml
CSG13.NA_QLU_QUYNH_VAN_4$NA_QLU_QUYNH_HAU.kml,NA_QLU_QUYNH_HAU-NA_QLU_QUYNH_VAN_4.kml
CSG14.NA_QLU_QUYNH_BANG$NA_QLU_QUYNH_LUONG.kml,NA_QLU_QUYNH_LUONG-NA_QLU_QUYNH_BANG.kml
CSG14.NA_QLU_KHANH_THANH$NA_QLU_QUYNH_NGOC_2.kml,NA_QLU_QUYNH_NGOC_2-NA_QLU_KHANH_THANH.kml
LM.NA_TKY_TAN_PHU$NA_TKY_GIAI_XUAN.kml,NA_TKY_GIAI_XUAN-NA_TKY_TAN_PHU.kml
LM.NA_TKY_KY_SON$NA_TKY_TAN_KY_3.kml,NA_TKY_KY_SON-NA_TKY_TAN_KY_3.kml
LM.NA_TKY_TAN_KY_3$NA_TKY_KY_TAN_2.kml,NA_TKY_KY_TAN_2-NA_TKY_TAN_KY_3.kml
LM.NA_TKY_NGHIA_BINH_2$NA_TKY_NGHIA_BINH.kml,NA_TKY_NGHIA_BINH-NA_TKY_NGHIA_BINH_2.kml
LM.NA_TKY_NGHIA_DONG_2$NA_TKY_NGHIA_DONG.kml,NA_TKY_NGHIA_DONG-NA_TKY_NGHIA_DONG_2.kml
LM.NA_TKY_NGHIA_HANH$NA_TKY_NGHIA_HANH_3.kml,NA_TKY_NGHIA_HANH_3-NA_TKY_NGHIA_HANH.kml
LM.NA_TKY_TAN_HUONG_2$NA_TKY_KY_SON.kml,NA_TKY_TAN_HUONG_2-NA_TKY_KY_SON.kml
LM.NA_TKY_TAN_KY$NA_TKY_TAN_KY_3.kml,NA_TKY_TAN_KY-NA_TKY_TAN_KY_3.kml
LM.NA_TKY_TAN_KY_4$NA_TKY_TAN_KY_3.kml,NA_TKY_TAN_KY_4-NA_TKY_TAN_KY_3.kml
LM.NA_TKY_TAN_PHU_2$NA_TKY_NGHIA_DONG.kml,NA_TKY_TAN_PHU_2-NA_TKY_NGHIA_DONG.kml
LM.NA_TKY_TAN_XUAN$NA_TKY_TAN_PHU_2.kml,NA_TKY_TAN_XUAN-NA_TKY_TAN_PHU_2.kml
LM.NA_TKY_NGHIA_PHUC$NA_TKY_TAN_AN.kml,NA_TKY_NGHIA_PHUC-NA_TKY_TAN_AN.kml
LM.NA_NAD_NGHIA_BINH_4$NA_THA_NB_DONG_HIEU.kml,NA_NAD_NGHIA_BINH_4-NA_THA_NB_DONG_HIEU.kml
LM.NA_THA_HIEU_HOA$NA_THA_DONG_TAM.kml,NA_THA_HIEU_HOA-NA_THA_DONG_TAM.kml
LM.NA_THA_LONG_SON$NA_THA_LANG_VAC.kml,NA_THA_LANG_VAC-NA_THA_LONG_SON.kml
LM.NA_THA_LONG_SON$NA_THA_THAI_HOA_PT.kml,NA_THA_LONG_SON-NA_THA_THAI_HOA_PT.kml
LM.NA_THA_NGHIA_HOA$NA_THA_DONG_TAM.kml,NA_THA_NGHIA_HOA-NA_THA_DONG_TAM.kml
LM.NA_THA_NGHIA_MY$NA_THA_DONG_TAM.kml,NA_THA_NGHIA_MY-NA_THA_DONG_TAM.kml
LM.NA_THA_TAY_HIEU_2$NA_THA_NGHIA_QUANG.kml,NA_THA_NGHIA_QUANG-NA_THA_TAY_HIEU_2.kml
LM.NA_THA_NGHIA_THUAN$NA_THA_NB_DONG_HIEU.kml,NA_THA_NGHIA_THUAN-NA_THA_NB_DONG_HIEU.kml
LM.NA_THA_NGHIA_TIEN$NA_THA_NGHIA_QUANG.kml,NA_THA_NGHIA_TIEN-NA_THA_NGHIA_QUANG.kml
LM.NA_THA_TAY_HIEU$NA_THA_TAY_HIEU_2.kml,NA_THA_TAY_HIEU-NA_THA_TAY_HIEU_2.kml
LM.NA_THA_THAI_HOA_PT$NA_THA_DONG_TAM.kml,NA_THA_THAI_HOA_PT-NA_THA_DONG_TAM.kml
LM.NA_TCG_THANH_THUY_2$NA_TCG_NGOC_LAM.kml,NA_TCG_NGOC_LAM-NA_TCG_THANH_THUY_2.kml
LM.NA_TCG_NGOC_SON_2$NA_TCG_NGOC_SON_3.kml,NA_TCG_NGOC_SON_2-NA_TCG_NGOC_SON_3.kml
LM.NA_TCG_THANH_CHUONG_2$NA_TCG_THANH_CHUONG.kml,NA_TCG_THANH_CHUONG_2-NA_TCG_THANH_CHUONG.kml
LM.NA_TCG_THANH_CHUONG_3$NA_TCG_THANH_CHUONG.kml,NA_TCG_THANH_CHUONG_3-NA_TCG_THANH_CHUONG.kml
LM.NA_TCG_THANH_CHUONG_3$NA_TCG_THANH_DONG.kml,NA_TCG_THANH_DONG-NA_TCG_THANH_CHUONG_3.kml
LM.NA_TCG_THANH_DUC$NA_TCG_HANH_LAM.kml,NA_TCG_THANH_DUC-NA_TCG_HANH_LAM.kml
LM.NA_TCG_THANH_HUNG$NA_DLG_THUAN_SON.kml,NA_TCG_THANH_HUNG-NA_DLG_THUAN_SON.kml
LM.NA_TCG_THANH_GIANG$NA_TCG_THANH_LAM.kml,NA_TCG_THANH_LAM-NA_TCG_THANH_GIANG.kml
LM.NA_TCG_THANH_MAI$NA_TCG_THANH_MAI_2.kml,NA_TCG_THANH_MAI-NA_TCG_THANH_MAI_2.kml
LM.NA_TCG_THANH_MAI_2$NA_TCG_THANH_GIANG.kml,NA_TCG_THANH_MAI_2-NA_TCG_THANH_GIANG.kml
LM.NA_TCG_THANH_KHE_2$NA_TCG_THANH_THUY_2.kml,NA_TCG_THANH_THUY_2-NA_TCG_THANH_KHE_2.kml
LM.NA_TCG_THANH_YEN$NA_TCG_CHO_CON.kml,NA_TCG_THANH_YEN-NA_TCG_CHO_CON.kml
LM.NA_TCG_XUAN_TUONG$NA_TCG_CHO_CON.kml,NA_TCG_XUAN_TUONG-NA_TCG_CHO_CON.kml
LM.NA_TCG_THANH_MY_2$NA_TCG_HANH_LAM.kml,NA_TCG_THANH_MY_2-NA_TCG_HANH_LAM.kml
LM.NA_TCG_PHONG_THINH$NA_TCG_CHO_GIANG.kml,NA_TCG_PHONG_THINH-NA_TCG_CHO_GIANG.kml
LM.NA_TCG_HANH_LAM$NA_TCG_THANH_MY.kml,NA_TCG_THANH_MY-NA_TCG_HANH_LAM.kml
LM.NA_VIH_BEN_THUY$NA_VIH_PHUONG_HOANG_2.kml,NA_VIH_BEN_THUY-NA_VIH_PHUONG_HOANG_2.kml
LM.NA_VIH_BUI_DUONG_LICH$NA_VIH_QUAN_BAU.kml,NA_VIH_BUI_DUONG_LICH-NA_VIH_QUAN_BAU.kml
LM.NA_VIH_PHONG_DINH_CANG$NA_VIH_CANG_HUNG_HOA.kml,NA_VIH_CANG_HUNG_HOA-NA_VIH_PHONG_DINH_CANG.kml
LM.NA_VIH_CAU_DUOC$NA_VIH_CUA_NAM.kml,NA_VIH_CUA_NAM-NA_VIH_CAU_DUOC.kml
LM.NA_VIH_DAU_KHI_NA_IBC$NA_VIH_KS_THUONG_MAI.kml,NA_VIH_DAU_KHI_NA_IBC-NA_VIH_KS_THUONG_MAI.kml
LM.NA_VIH_DEN_ONG_HOANG_MUOI$NA_VIH_CN_DONG_VINH.kml,NA_VIH_DEN_ONG_HOANG_MUOI-NA_VIH_CN_DONG_VINH.kml
LM.NA_VIH_DHSP_VINH$NA_VIH_PHONG_DINH_CANG.kml,NA_VIH_DHSP_VINH-NA_VIH_PHONG_DINH_CANG.kml
LM.NA_VIH_DUY_TAN$NA_VIH_DAI_LO_3_2.kml,NA_VIH_DUY_TAN-NA_VIH_DAI_LO_3_2.kml
LM.NA_VIH_SVD_VINH$NA_VIH_GA_VINH.kml,NA_VIH_GA_VINH-NA_VIH_SVD_VINH.kml
LM.NA_VIH_HA_HUY_TAP$NA_VIH_LE_NIN.kml,NA_VIH_HA_HUY_TAP-NA_VIH_LE_NIN.kml
LM.NA_VIH_HA_HUY_TAP_4$NA_VIH_NGUYEN_SY_SACH_3.kml,NA_VIH_HA_HUY_TAP_4-NA_VIH_NGUYEN_SY_SACH_3.kml
LM.NA_VIH_HAI_THUONG_LAN_ONG$NA_VIH_HUNG_LOC_4.kml,NA_VIH_HAI_THUONG_LAN_ONG-NA_VIH_HUNG_LOC_4.kml
LM.NA_VIH_HOANG_THI_LOAN$NA_VIH_PHUONG_HOANG_2.kml,NA_VIH_HOANG_THI_LOAN-NA_VIH_PHUONG_HOANG_2.kml
LM.NA_VIH_HUNG_BINH_3$NA_VIH_KS_THUONG_MAI.kml,NA_VIH_HUNG_BINH_3-NA_VIH_KS_THUONG_MAI.kml
LM.NA_VIH_HUNG_DONG_2$NA_VIH_QUAN_BAU.kml,NA_VIH_HUNG_DONG_2-NA_VIH_QUAN_BAU.kml
LM.NA_VIH_HUNG_DONG_5$NA_VIH_DANG_THAI_MAI.kml,NA_VIH_HUNG_DONG_5-NA_VIH_DANG_THAI_MAI.kml
LM.NA_VIH_HUNG_HOA$NA_VIH_CANG_HUNG_HOA.kml,NA_VIH_HUNG_HOA-NA_VIH_CANG_HUNG_HOA.kml
LM.NA_VIH_HUNG_HOA_3$NA_VIH_HUNG_HOA.kml,NA_VIH_HUNG_HOA_3-NA_VIH_HUNG_HOA.kml
LM.NA_VIH_LE_MAO$NA_VIH_ROADM_VINH_1.kml,NA_VIH_LE_MAO-NA_VIH_ROADM_VINH_1.kml
LM.NA_NLC_NGHI_THAI_2$NA_VIH_NGHI_DUC_3.kml,NA_VIH_NGHI_DUC_3-NA_NLC_NGHI_THAI_2.kml
LM.NA_VIH_NGUYEN_CANH_HOAN$NA_VIH_QUAN_BAU.kml,NA_VIH_NGUYEN_CANH_HOAN-NA_VIH_QUAN_BAU.kml
LM.NA_VIH_NGUYEN_TRAI$NA_VIH_QUAN_BAU.kml,NA_VIH_NGUYEN_TRAI-NA_VIH_QUAN_BAU.kml
LM.NA_VIH_NGUYEN_TRUONG_TO$NA_VIH_SVD_VINH.kml,NA_VIH_NGUYEN_TRUONG_TO-NA_VIH_SVD_VINH.kml
LM.NA_VIH_NUI_QUYET$NA_VIH_PHUONG_HOANG.kml,NA_VIH_NUI_QUYET-NA_VIH_PHUONG_HOANG.kml
LM.NA_VIH_PHAN_CANH_HOAN$NA_VIH_QUAN_BAU.kml,NA_VIH_PHAN_CANH_HOAN-NA_VIH_QUAN_BAU.kml
LM.NA_VIH_PHUNG_CHI_KIEN$NA_VIH_TRUONG_THI.kml,NA_VIH_PHUNG_CHI_KIEN-NA_VIH_TRUONG_THI.kml
LM.NA_VIH_SARA_VINH$NA_VIH_PHONG_DINH_CANG_3.kml,NA_VIH_SARA_VINH-NA_VIH_PHONG_DINH_CANG_3.kml
LM.NA_VIH_TRUONG_VAN_LINH$NA_VIH_BV_DA_KHOA_NGHE_AN.kml,NA_VIH_TRUONG_VAN_LINH-NA_VIH_BV_DA_KHOA_NGHE_AN.kml
LM.NA_VIH_TUE_TINH$NA_VIH_LE_NIN.kml,NA_VIH_TUE_TINH-NA_VIH_LE_NIN.kml
LM.NA_VIH_VINH_TAN$NA_VIH_CHO_VINH_3.kml,NA_VIH_VINH_TAN-NA_VIH_CHO_VINH_3.kml
LM.NA_VIH_VINH_TAN_2$NA_VIH_TRAN_PHU.kml,NA_VIH_VINH_TAN_2-NA_VIH_TRAN_PHU.kml
LM.NA_VIH_HUNG_CHINH$NA_HNN_HUNG_NGUYEN_AGG.kml,NA_VIH_HUNG_CHINH-NA_HNN_HUNG_NGUYEN_AGG.kml
LM.NA_VIH_NGHI_KIM_4$NA_VIH_DANG_THAI_MAI.kml,NA_VIH_NGHI_KIM_4-NA_VIH_DANG_THAI_MAI.kml
AGG.NA_VIH_ROADM_VINH_1$NA_CLO_CUA_HOI.kml,NA_VIH_ROADM_VINH_1-NA_CLO_CUA_HOI.kml
CSG6.NA_VIH_BV_DA_KHOA_NGHE_AN$NA_VIH_LE_NIN.kml,NA_VIH_BV_DA_KHOA_NGHE_AN-NA_VIH_LE_NIN.kml
CSG4.NA_VIH_BV_VINH$NA_VIH_HUNG_LOC_4.kml,NA_VIH_BV_VINH-NA_VIH_HUNG_LOC_4.kml
CSG4.NA_VIH_CDSP_VINH$NA_NLC_NGHI_THAI_2.kml,NA_VIH_CDSP_VINH-NA_NLC_NGHI_THAI_2.kml
CSG2.NA_VIH_CHO_VINH_3$NA_VIH_SVD_VINH.kml,NA_VIH_CHO_VINH_3-NA_VIH_SVD_VINH.kml
CSG3.NA_VIH_DAI_LO_3_2$NA_VIH_PHUNG_CHI_KIEN.kml,NA_VIH_DAI_LO_3_2-NA_VIH_PHUNG_CHI_KIEN.kml
CSG7.NA_VIH_QUAN_BAU$NA_VIH_DANG_THAI_MAI.kml,NA_VIH_DANG_THAI_MAI-NA_VIH_QUAN_BAU.kml
CSG4.NA_VIH_HUNG_LOC_4$NA_VIH_CDSP_VINH.kml,NA_VIH_HUNG_LOC_4-NA_VIH_CDSP_VINH.kml
CSG4.NA_VIH_PHONG_DINH_CANG$NA_VIH_KS_PHUONG_DONG.kml,NA_VIH_KS_PHUONG_DONG-NA_VIH_PHONG_DINH_CANG.kml
CSG3.NA_VIH_KS_THUONG_MAI$NA_VIH_LE_HONG_PHONG.kml,NA_VIH_KS_THUONG_MAI-NA_VIH_LE_HONG_PHONG.kml
CSG3.NA_VIH_LE_HONG_PHONG$NA_VIH_TRUONG_THI.kml,NA_VIH_LE_HONG_PHONG-NA_VIH_TRUONG_THI.kml
CSG6.NA_VIH_LE_NIN$NA_VIH_ROADM_VINH_1.kml,NA_VIH_LE_NIN-NA_VIH_ROADM_VINH_1.kml
AGG.NA_NLC_NGHI_THUAN_2$NA_VIH_NGUYEN_CANH_HOAN.kml,NA_VIH_NGUYEN_CANH_HOAN-NA_NLC_NGHI_THUAN_2.kml
CSG3.NA_VIH_ROADM_VINH_2$NA_VIH_NGUYEN_SY_SACH_3.kml,NA_VIH_NGUYEN_SY_SACH_3-NA_VIH_ROADM_VINH_2.kml
CSG4.NA_VIH_PHONG_DINH_CANG$NA_VIH_BV_VINH.kml,NA_VIH_PHONG_DINH_CANG-NA_VIH_BV_VINH.kml
CSG3.NA_VIH_NGUYEN_SY_SACH_3$NA_VIH_PHUNG_CHI_KIEN.kml,NA_VIH_PHUNG_CHI_KIEN-NA_VIH_NGUYEN_SY_SACH_3.kml
CSG1.NA_HNN_HUNG_THINH$NA_VIH_PHUONG_HOANG_2.kml,NA_VIH_PHUONG_HOANG_2-NA_HNN_HUNG_THINH.kml
CSG7.NA_VIH_ROADM_VINH_2$NA_VIH_QUAN_BAU.kml,NA_VIH_QUAN_BAU-NA_VIH_ROADM_VINH_2.kml
CSG1.NA_VIH_ROADM_VINH_1$NA_VIH_PHUONG_HOANG_2.kml,NA_VIH_ROADM_VINH_1-NA_VIH_PHUONG_HOANG_2.kml
CSG2.NA_VIH_TRAN_PHU$NA_VIH_ROADM_VINH_1.kml,NA_VIH_ROADM_VINH_1-NA_VIH_TRAN_PHU.kml
CSG3.NA_VIH_ROADM_VINH_1$NA_VIH_KS_THUONG_MAI.kml,NA_VIH_ROADM_VINH_1-NA_VIH_KS_THUONG_MAI.kml
CSG4.NA_VIH_KS_PHUONG_DONG$NA_VIH_ROADM_VINH_1.kml,NA_VIH_ROADM_VINH_1-NA_VIH_KS_PHUONG_DONG.kml
MC1.NA_VIH_ROADM_VINH_2$NA_VIH_ROADM_VINH_1.kml,NA_VIH_ROADM_VINH_1-NA_VIH_ROADM_VINH_2.kml
MC1.NA_VIH_ROADM_VINH_2$NA_VIH_ROADM_VINH_1.kml,NA_VIH_ROADM_VINH_1-NA_VIH_ROADM_VINH_2.kml
AGG.NA_VIH_NGUYEN_CANH_HOAN$NA_VIH_ROADM_VINH_1.kml,NA_VIH_ROADM_VINH_1-NA_VIH_NGUYEN_CANH_HOAN.kml
AGG.NA_VIH_NGUYEN_CANH_HOAN$NA_VIH_ROADM_VINH_2.kml,NA_VIH_ROADM_VINH_2-NA_VIH_NGUYEN_CANH_HOAN.kml
CSG2.NA_VIH_CHO_VINH_3$NA_VIH_TRAN_PHU.kml,NA_VIH_TRAN_PHU-NA_VIH_CHO_VINH_3.kml
CSG3.NA_VIH_DAI_LO_3_2$NA_VIH_TRUONG_THI.kml,NA_VIH_TRUONG_THI-NA_VIH_DAI_LO_3_2.kml
DWDM.NA_VIH_ROADM_VINH_2$NA_TKY_KY_TAN.kml,NA_VIH_ROADM_VINH_2-NA_TKY_KY_TAN.kml
LM.NA_YTH_BAO_THANH$NA_YTH_YEN_THANH_2.kml,NA_YTH_BAO_THANH-NA_YTH_YEN_THANH_2.kml
LM.NA_YTH_BAO_THANH_2$NA_YTH_VIEN_THANH.kml,NA_YTH_BAO_THANH_2-NA_YTH_VIEN_THANH.kml
LM.NA_YTH_DONG_THANH$NA_YTH_TANG_THANH.kml,NA_YTH_DONG_THANH-NA_YTH_TANG_THANH.kml
LM.NA_YTH_DUC_THANH$NA_YTH_THO_THANH.kml,NA_YTH_DUC_THANH-NA_YTH_THO_THANH.kml
LM.NA_YTH_HAU_THANH$NA_YTH_VAN_THANH.kml,NA_YTH_HAU_THANH-NA_YTH_VAN_THANH.kml
LM.NA_YTH_HAU_THANH$NA_YTH_HAU_THANH_2.kml,NA_YTH_HAU_THANH_2-NA_YTH_HAU_THANH.kml
LM.NA_YTH_HONG_THANH$NA_YTH_HOP_THANH.kml,NA_YTH_HONG_THANH-NA_YTH_HOP_THANH.kml
LM.NA_YTH_YEN_THANH_2$NA_YTH_KHANH_THANH_2.kml,NA_YTH_KHANH_THANH_2-NA_YTH_YEN_THANH_2.kml
LM.NA_YTH_DONG_THANH$NA_YTH_KIM_THANH.kml,NA_YTH_KIM_THANH-NA_YTH_DONG_THANH.kml
LM.NA_YTH_HAU_THANH$NA_YTH_LANG_THANH.kml,NA_YTH_LANG_THANH-NA_YTH_HAU_THANH.kml
LM.NA_YTH_LY_THANH$NA_YTH_NAM_THANH.kml,NA_YTH_LY_THANH-NA_YTH_NAM_THANH.kml
LM.NA_YTH_LANG_THANH$NA_YTH_MA_THANH.kml,NA_YTH_MA_THANH-NA_YTH_LANG_THANH.kml
LM.NA_YTH_MA_THANH_2$NA_YTH_HAU_THANH_2.kml,NA_YTH_MA_THANH_2-NA_YTH_HAU_THANH_2.kml
LM.NA_YTH_MY_THANH$NA_YTH_YEN_THANH_2.kml,NA_YTH_MY_THANH-NA_YTH_YEN_THANH_2.kml
LM.NA_YTH_VAN_THANH$NA_YTH_PHUC_THANH.kml,NA_YTH_PHUC_THANH-NA_YTH_VAN_THANH.kml
LM.NA_YTH_SON_THANH$NA_YTH_VIEN_THANH.kml,NA_YTH_SON_THANH-NA_YTH_VIEN_THANH.kml
LM.NA_YTH_TANG_THANH$NA_YTH_YEN_THANH.kml,NA_YTH_TANG_THANH-NA_YTH_YEN_THANH.kml
LM.NA_YTH_THO_THANH$NA_DCU_DIEN_THAP.kml,NA_YTH_THO_THANH-NA_DCU_DIEN_THAP.kml
LM.NA_YTH_TT_YEN_THANH$NA_YTH_HOA_THANH.kml,NA_YTH_TT_YEN_THANH-NA_YTH_HOA_THANH.kml
LM.NA_YTH_VINH_THANH$NA_YTH_VINH_THANH_2.kml,NA_YTH_VINH_THANH-NA_YTH_VINH_THANH_2.kml
LM.NA_YTH_VIEN_THANH$NA_YTH_VINH_THANH_2.kml,NA_YTH_VINH_THANH_2-NA_YTH_VIEN_THANH.kml
LM.NA_YTH_VINH_THANH_3$NA_YTH_VINH_THANH_2.kml,NA_YTH_VINH_THANH_3-NA_YTH_VINH_THANH_2.kml
LM.NA_YTH_XUAN_THANH$NA_YTH_NAM_THANH.kml,NA_YTH_XUAN_THANH-NA_YTH_NAM_THANH.kml
LM.NA_YTH_YEN_THANH$NA_YTH_XUAN_THANH_2.kml,NA_YTH_XUAN_THANH_2-NA_YTH_YEN_THANH.kml
LM.NA_YTH_YEN_THANH_3$NA_YTH_HOA_THANH.kml,NA_YTH_YEN_THANH_3-NA_YTH_HOA_THANH.kml
LM.NA_YTH_MA_THANH_3$NA_YTH_HAU_THANH_2.kml,NA_YTH_MA_THANH_3-NA_YTH_HAU_THANH_2.kml
LM.NA_YTH_TANG_THANH_2$NA_YTH_TT_YEN_THANH.kml,NA_YTH_TANG_THANH_2-NA_YTH_TT_YEN_THANH.kml
LM.NA_YTH_YEN_THANH_5$NA_YTH_HOA_THANH.kml,NA_YTH_YEN_THANH_5-NA_YTH_HOA_THANH.kml
LM.NA_YTH_LANG_THANH_3$NA_YTH_HAU_THANH_2.kml,NA_YTH_LANG_THANH_3-NA_YTH_HAU_THANH_2.kml
LM.NA_YTH_BAO_THANH_2$NA_YTH_SON_THANH_2.kml,NA_YTH_SON_THANH_2-NA_YTH_BAO_THANH_2.kml
CSG10.NA_YTH_HOA_THANH$NA_YTH_NAM_THANH.kml,NA_YTH_HOA_THANH-NA_YTH_NAM_THANH.kml
CSG10.NA_YTH_YEN_THANH_2$NA_YTH_NAM_THANH.kml,NA_YTH_NAM_THANH-NA_YTH_YEN_THANH_2.kml
CSG10.NA_YTH_YEN_THANH_2$NA_YTH_VIEN_THANH.kml,NA_YTH_YEN_THANH_2-NA_YTH_VIEN_THANH.kml
LM.NA_DCU_DIEN_THAP$NA_DCU_DIEN_THAP_2.kml,NA_DCU_DIEN_THAP_2-NA_DCU_DIEN_THAP.kml
LM.NA_NLC_NGHI_HUNG$NA_NLC_KCN_WHA2_1.kml,NA_NLC_KCN_WHA2_1-NA_NLC_NGHI_HUNG.kml
LM.NA_VIH_BV_VINH$NA_VIH_BV_SAN_NHI.kml,NA_VIH_BV_SAN_NHI-NA_VIH_BV_VINH.kml
LM.NA_NLC_NGHI_CONG_NAM_2$NA_NLC_NGHI_DONG.kml,NA_NLC_NGHI_CONG_NAM_2-NA_NLC_NGHI_DONG.kml
LM.NA_NLC_NGHI_CONG_NAM_2$NA_NLC_NGHI_MY_2.kml,NA_NLC_NGHI_CONG_NAM_2-NA_NLC_NGHI_MY_2.kml
LM.NA_YTH_XUAN_THANH$NA_YTH_YEN_THANH.kml,NA_YTH_YEN_THANH-NA_YTH_XUAN_THANH.kml
LM.NA_DCU_DIEN_DOAI_2$NA_DCU_DIEN_DOAI_3.kml,NA_DCU_DIEN_DOAI_3-NA_DCU_DIEN_DOAI_2.kml
LM.NA_DCU_DIEN_HOANG_3$NA_DCU_DIEN_HOANG.kml,NA_DCU_DIEN_HOANG_3-NA_DCU_DIEN_HOANG.kml
LM.NA_DCU_DIEN_MY_2$NA_DCU_DIEN_MY.kml,NA_DCU_DIEN_MY_2-NA_DCU_DIEN_MY.kml
LM.NA_DLG_THUAN_SON_2$NA_DLG_THUAN_SON.kml,NA_DLG_THUAN_SON_2-NA_DLG_THUAN_SON.kml
LM.NA_DLG_THUONG_SON_2$NA_DLG_THUONG_SON.kml,NA_DLG_THUONG_SON_2-NA_DLG_THUONG_SON.kml
